[
  {
    "value": "JPO",
    "synonyms": [
      "JPO",
      "jo",
      "jpo",
      "journée porte ouverte"
    ]
  },
  {
    "value": "Job dating",
    "synonyms": [
      "Job dating",
      "jobdating",
      "entretien pour une alternance",
      "rencontre entreprise",
      "recherche d\u0027emplois",
      "emplois"
    ]
  },
  {
    "value": "Conférence",
    "synonyms": [
      "Conférence",
      "Oral sur la beauté du monde"
    ]
  },
  {
    "value": "Baptême de promotion",
    "synonyms": [
      "Baptême de promotion",
      "promotion Jean Lou Chrétien"
    ]
  }
]