[
  {
    "value": "mastère spécialisé en ingénierie marine, offshore et architecture navale",
    "synonyms": [
      "mastère spécialisé en ingénierie marine, offshore et architecture navale",
      "mastère spé en ingé marine, offshore et archi"
    ]
  },
  {
    "value": "mastère spécialisé en pyrotechnie et",
    "synonyms": [
      "mastère spécialisé en pyrotechnie et propulsion",
      "mastère spécialisé en pyro et prop"
    ]
  },
  {
    "value": "mastère spécialisé management de projets maritimes",
    "synonyms": [
      "mastère spécialisé management de projet",
      "mastère spécialisé management de projets maritimes",
      "mastère spé manag proj maritime"
    ]
  },
  {
    "value": "mastère spécialisé expert en énergies marines renouvelables",
    "synonyms": [
      "mastère spécialisé expert en énergies marines renouvelables",
      "mastère énergies maritimes renouvelables"
    ]
  },
  {
    "value": "mastère spécialisé Ingénierie des Systèmes de Localisation et Multi-senseurs",
    "synonyms": [
      "mastère spécialisé Ingénierie des Systèmes de Localisation et Multi-senseurs",
      "mastère ISLM"
    ]
  },
  {
    "value": "mastère spécialisé Cybersécurité des Systèmes maritimes et portuaires",
    "synonyms": [
      "mastère spécialisé Cybersécurité des Systèmes maritimes et portuaires",
      "mastère spécialisé CS"
    ]
  }
]