[
  {
    "value": "robotique mobile",
    "synonyms": [
      "robotique mobile",
      "rob mob"
    ]
  },
  {
    "value": "hydrographie",
    "synonyms": [
      "hydrographie",
      "hydro"
    ]
  },
  {
    "value": "génie maritime",
    "synonyms": [
      "génie maritime",
      "génie mari"
    ]
  },
  {
    "value": "ingénierie automobile",
    "synonyms": [
      "ingénierie automobile",
      "master international d\u0027ingénierie automobile"
    ]
  },
  {
    "value": "architecture et sécurité des systèmes électroniques et logiciels",
    "synonyms": [
      "Architecture et sécurité des systèmes électroniques et logiciels",
      "sécu des sys élecs"
    ]
  },
  {
    "value": "hydrodynamique navale",
    "synonyms": [
      "hydrodynamique navale",
      "hydro nav"
    ]
  },
  {
    "value": "mécanique, matériaux et génie civil",
    "synonyms": [
      "mécanique, matériaux et génie civil"
    ]
  },
  {
    "value": "informatique : systèmes intéractifs, intelligents et autonomes",
    "synonyms": [
      "informatique",
      "info",
      "informatique : systèmes intéractifs, intelligents et autonomes"
    ]
  },
  {
    "value": "physique de l\u0027océan et du climat",
    "synonyms": [
      "physique de l\u0027océan et du climat"
    ]
  },
  {
    "value": "géophysique marine",
    "synonyms": [
      "géophysique marine"
    ]
  }
]