[
  {
    "id": "8f7a7589-5723-428a-879f-4780259bc76d",
    "data": [
      {
        "text": "accueil",
        "userDefined": false
      }
    ],
    "isTemplate": false,
    "count": 0,
    "updated": 0
  },
  {
    "id": "89f8374a-a9cf-4409-86bb-507629847c4b",
    "data": [
      {
        "text": "coucou",
        "userDefined": false
      }
    ],
    "isTemplate": false,
    "count": 1,
    "updated": 0
  },
  {
    "id": "741bbe7a-474b-4da8-8b32-938a6fc76b92",
    "data": [
      {
        "text": "bonjour",
        "userDefined": false
      }
    ],
    "isTemplate": false,
    "count": 1,
    "updated": 0
  },
  {
    "id": "a819fb52-1c40-49e5-afcc-59bef9da2797",
    "data": [
      {
        "text": "Hey",
        "userDefined": false
      }
    ],
    "isTemplate": false,
    "count": 1,
    "updated": 0
  },
  {
    "id": "50af7d1e-1fe1-4226-9923-155619fa9e11",
    "data": [
      {
        "text": "Bonjour",
        "userDefined": false
      }
    ],
    "isTemplate": false,
    "count": 1,
    "updated": 0
  },
  {
    "id": "1f634f77-2d3d-4d76-bf2b-e7cc7dd37d4a",
    "data": [
      {
        "text": "Salut",
        "userDefined": false
      }
    ],
    "isTemplate": false,
    "count": 4,
    "updated": 0
  },
  {
    "id": "3fb064ae-826b-4ba3-83b1-77dc36007ca4",
    "data": [
      {
        "text": "hey",
        "userDefined": false
      }
    ],
    "isTemplate": false,
    "count": 1,
    "updated": 0
  },
  {
    "id": "20e4fb07-b926-4404-b7e4-99820e1bdb06",
    "data": [
      {
        "text": "salut",
        "userDefined": false
      }
    ],
    "isTemplate": false,
    "count": 1,
    "updated": 0
  },
  {
    "id": "dcd7f3e6-227d-40cc-bc74-8463b25d131e",
    "data": [
      {
        "text": "Saluuuut",
        "userDefined": false
      }
    ],
    "isTemplate": false,
    "count": 2,
    "updated": 0
  },
  {
    "id": "f6ccbd6b-0dd2-4e4d-9b70-381cc1870774",
    "data": [
      {
        "text": "HEy",
        "userDefined": false
      }
    ],
    "isTemplate": false,
    "count": 1,
    "updated": 0
  },
  {
    "id": "dc3e1371-1e1e-49c1-86a9-80683e44de2e",
    "data": [
      {
        "text": "cc",
        "userDefined": false
      }
    ],
    "isTemplate": false,
    "count": 1,
    "updated": 0
  },
  {
    "id": "8d094b9d-cb69-44c0-afcd-590638df17d2",
    "data": [
      {
        "text": "boniour",
        "userDefined": false
      }
    ],
    "isTemplate": false,
    "count": 0,
    "updated": 0
  },
  {
    "id": "57451775-13e6-40ca-a8b4-23d5649ed6c1",
    "data": [
      {
        "text": "bjr",
        "userDefined": false
      }
    ],
    "isTemplate": false,
    "count": 2,
    "updated": 0
  },
  {
    "id": "3c9cb339-7853-4b57-b025-a3ef16aadf2f",
    "data": [
      {
        "text": "bonjour bonjour",
        "userDefined": false
      }
    ],
    "isTemplate": false,
    "count": 0,
    "updated": 0
  },
  {
    "id": "44b3b758-1a40-40bd-a4ca-71e2ef3504e5",
    "data": [
      {
        "text": "COucou",
        "userDefined": false
      }
    ],
    "isTemplate": false,
    "count": 1,
    "updated": 0
  },
  {
    "id": "fb616406-df2f-44fb-b0fd-7d14840f75ce",
    "data": [
      {
        "text": "Lut",
        "userDefined": false
      }
    ],
    "isTemplate": false,
    "count": 1,
    "updated": 0
  },
  {
    "id": "b6a47051-3fb9-4f65-9b02-6bbcc5ed4350",
    "data": [
      {
        "text": "Hey !",
        "userDefined": false
      }
    ],
    "isTemplate": false,
    "count": 0,
    "updated": 0
  },
  {
    "id": "f0070bf5-c5ae-431d-8474-2b4c41f0fea4",
    "data": [
      {
        "text": "Heyy",
        "userDefined": false
      }
    ],
    "isTemplate": false,
    "count": 1,
    "updated": 0
  },
  {
    "id": "d3e2d1b0-f5c9-4146-aefe-bc95868c9add",
    "data": [
      {
        "text": "Bonsoir",
        "userDefined": false
      }
    ],
    "isTemplate": false,
    "count": 0,
    "updated": 0
  },
  {
    "id": "cab8b902-9431-4280-8d97-615df56db3b1",
    "data": [
      {
        "text": "Bonsoiiiiiireuuuh",
        "userDefined": false
      }
    ],
    "isTemplate": false,
    "count": 0,
    "updated": 0
  },
  {
    "id": "d3e716b3-b565-49cf-8fe1-51e9fbae9b25",
    "data": [
      {
        "text": "\u0027Lut",
        "userDefined": false
      }
    ],
    "isTemplate": false,
    "count": 0,
    "updated": 0
  },
  {
    "id": "5476c7f9-a3d1-42b0-beb6-6ea7b9b8a8f9",
    "data": [
      {
        "text": "Hello",
        "userDefined": false
      }
    ],
    "isTemplate": false,
    "count": 0,
    "updated": 0
  },
  {
    "id": "b107872d-7069-4490-a9f5-21ebb322c443",
    "data": [
      {
        "text": "salutations",
        "userDefined": false
      }
    ],
    "isTemplate": false,
    "count": 0,
    "updated": 0
  },
  {
    "id": "07bcc18a-5a18-4a13-a8c8-7a89056b6c66",
    "data": [
      {
        "text": "rebonjour",
        "userDefined": false
      }
    ],
    "isTemplate": false,
    "count": 0,
    "updated": 0
  },
  {
    "id": "a7ecc4e5-f98b-4982-97d0-a56641a57638",
    "data": [
      {
        "text": "bonjour à toi",
        "userDefined": false
      }
    ],
    "isTemplate": false,
    "count": 0,
    "updated": 0
  },
  {
    "id": "c6cd2841-e53c-48bc-82f4-7056158e5592",
    "data": [
      {
        "text": "re bonjour",
        "userDefined": false
      }
    ],
    "isTemplate": false,
    "count": 0,
    "updated": 0
  },
  {
    "id": "998417ab-e2a7-4290-a196-2ce44dc517a9",
    "data": [
      {
        "text": "hé",
        "userDefined": false
      }
    ],
    "isTemplate": false,
    "count": 0,
    "updated": 0
  },
  {
    "id": "e80863a9-52e7-4356-b17f-ce8c0c19f9c7",
    "data": [
      {
        "text": "resalut",
        "userDefined": false
      }
    ],
    "isTemplate": false,
    "count": 0,
    "updated": 0
  },
  {
    "id": "4ccb0714-3f0f-4bcc-9671-9810af813b15",
    "data": [
      {
        "text": "re salut",
        "userDefined": false
      }
    ],
    "isTemplate": false,
    "count": 0,
    "updated": 0
  },
  {
    "id": "a2af62fa-4707-4087-9e73-9f159e936056",
    "data": [
      {
        "text": "salut à tous",
        "userDefined": false
      }
    ],
    "isTemplate": false,
    "count": 0,
    "updated": 0
  }
]