[
  {
    "id": "b5881fb3-65a9-4d6b-be4c-00b15181fa7e",
    "data": [
      {
        "text": "master ",
        "userDefined": false
      },
      {
        "text": "génie maritime",
        "alias": "Master",
        "meta": "@Master",
        "userDefined": false
      }
    ],
    "isTemplate": false,
    "count": 0,
    "updated": 0
  },
  {
    "id": "29f4ba96-f5c3-47ca-9e99-987bab6bf358",
    "data": [
      {
        "text": "génie maritime",
        "alias": "Master",
        "meta": "@Master",
        "userDefined": false
      }
    ],
    "isTemplate": false,
    "count": 0,
    "updated": 0
  }
]