[
  {
    "id": "bec3b7d0-9a82-4752-a5af-544361565230",
    "data": [
      {
        "text": "archi et sécu des sys elec et log",
        "userDefined": false
      }
    ],
    "isTemplate": false,
    "count": 0,
    "updated": 0
  },
  {
    "id": "7659e099-0f99-4328-b029-e9a84e7f5c4f",
    "data": [
      {
        "text": "ARCHITECTURE ET SÉCURITÉ DES SYSTÈMES ELECTRONIQUES ET LOGICIELS",
        "userDefined": false
      }
    ],
    "isTemplate": false,
    "count": 0,
    "updated": 0
  }
]