[
  {
    "id": "aec32031-7732-4870-9e78-88e3aed107ba",
    "data": [
      {
        "text": "MSC",
        "alias": "Niveau_etude",
        "meta": "@Niveau_etude",
        "userDefined": false
      }
    ],
    "isTemplate": false,
    "count": 0,
    "updated": 0
  },
  {
    "id": "b1ce861b-ef6a-4ae8-ae73-cfb76d5cde95",
    "data": [
      {
        "text": "MSC graduate",
        "alias": "Niveau_etude",
        "meta": "@Niveau_etude",
        "userDefined": false
      }
    ],
    "isTemplate": false,
    "count": 0,
    "updated": 0
  }
]