[
  {
    "id": "5ca2d7b9-5b7b-4b99-95c9-1c9faed6dbe3",
    "data": [
      {
        "text": "masters",
        "alias": "Statut_ENSTA",
        "meta": "@Statut_ENSTA",
        "userDefined": true
      }
    ],
    "isTemplate": false,
    "count": 0,
    "updated": 0
  },
  {
    "id": "6f0ba3d0-2fa9-4ab8-b678-2acd7c3b465c",
    "data": [
      {
        "text": "master",
        "alias": "Statut_ENSTA",
        "meta": "@Statut_ENSTA",
        "userDefined": true
      }
    ],
    "isTemplate": false,
    "count": 0,
    "updated": 0
  }
]