[
  {
    "id": "d2bff7a6-39a5-4038-bdc1-98d80d003768",
    "data": [
      {
        "text": "L3",
        "alias": "Niveau_etude",
        "meta": "@Niveau_etude",
        "userDefined": true
      }
    ],
    "isTemplate": false,
    "count": 0,
    "updated": 0
  },
  {
    "id": "aaffe395-6f9d-4d33-bc94-ec7c06e80426",
    "data": [
      {
        "text": "licence 3",
        "alias": "Niveau_etude",
        "meta": "@Niveau_etude",
        "userDefined": false
      }
    ],
    "isTemplate": false,
    "count": 0,
    "updated": 0
  }
]