[
  {
    "id": "3c09938c-c998-4d32-8c5d-3d99e53500cf",
    "data": [
      {
        "text": "Je souhaite faire ",
        "userDefined": false
      },
      {
        "text": "une",
        "meta": "@sys.ignore",
        "userDefined": false
      },
      {
        "text": " ",
        "userDefined": false
      },
      {
        "text": "thèse",
        "alias": "Statut_ENSTA",
        "meta": "@Statut_ENSTA",
        "userDefined": true
      }
    ],
    "isTemplate": false,
    "count": 0,
    "updated": 0
  },
  {
    "id": "1699d54c-8d67-4f39-943a-3f77bccb1997",
    "data": [
      {
        "text": "Thèse",
        "alias": "Statut_ENSTA",
        "meta": "@Statut_ENSTA",
        "userDefined": true
      }
    ],
    "isTemplate": false,
    "count": 0,
    "updated": 0
  }
]