[
  {
    "id": "9554cf18-89ad-4138-b0e2-ffba70db20cc",
    "data": [
      {
        "text": "master en génie maritime",
        "alias": "Statut_ENSTA",
        "meta": "@Statut_ENSTA",
        "userDefined": false
      }
    ],
    "isTemplate": false,
    "count": 0,
    "updated": 0
  },
  {
    "id": "fbbd8bfb-d097-4299-b897-752f46fedfc4",
    "data": [
      {
        "text": "génie maritime",
        "userDefined": false
      }
    ],
    "isTemplate": false,
    "count": 0,
    "updated": 0
  }
]