[
  {
    "id": "10e9e2ad-9d73-4d6f-a7bd-9e8ae385a6a1",
    "data": [
      {
        "text": "je souhaite faire ",
        "userDefined": false
      },
      {
        "text": "un",
        "alias": "number",
        "meta": "@sys.number",
        "userDefined": false
      },
      {
        "text": " ",
        "userDefined": false
      },
      {
        "text": "master",
        "alias": "Statut_ENSTA",
        "meta": "@Statut_ENSTA",
        "userDefined": false
      }
    ],
    "isTemplate": false,
    "count": 0,
    "updated": 0
  },
  {
    "id": "46dbd95c-02a0-47f0-9d70-7a63fdc05aeb",
    "data": [
      {
        "text": "master",
        "alias": "Statut_ENSTA",
        "meta": "@Statut_ENSTA",
        "userDefined": false
      }
    ],
    "isTemplate": false,
    "count": 0,
    "updated": 0
  }
]