[
  {
    "id": "950240bc-ec99-4b17-a4ac-685cc9a5ce01",
    "data": [
      {
        "text": "master",
        "alias": "Niveau_etude",
        "meta": "@Niveau_etude",
        "userDefined": false
      },
      {
        "text": " ",
        "userDefined": false
      },
      {
        "text": "robotique mobile",
        "meta": "@sys.ignore",
        "userDefined": false
      }
    ],
    "isTemplate": false,
    "count": 0,
    "updated": 0
  },
  {
    "id": "de4435ef-241b-4bdf-a922-60c71700b3a2",
    "data": [
      {
        "text": "rob mob",
        "meta": "@sys.ignore",
        "userDefined": false
      }
    ],
    "isTemplate": false,
    "count": 0,
    "updated": 0
  }
]