[
  {
    "id": "7cbf54c8-a68e-425d-8402-02f2b85eaa80",
    "data": [
      {
        "text": "je suis en ",
        "userDefined": false
      },
      {
        "text": "M1",
        "alias": "Niveau_etude",
        "meta": "@Niveau_etude",
        "userDefined": true
      },
      {
        "text": " est souhaite ",
        "userDefined": false
      },
      {
        "text": "intégrer",
        "alias": "Integrer_ENSTA",
        "meta": "@Integrer_ENSTA",
        "userDefined": false
      },
      {
        "text": " la ",
        "userDefined": false
      },
      {
        "text": "formation généraliste",
        "alias": "Statut_ENSTA",
        "meta": "@Statut_ENSTA",
        "userDefined": true
      }
    ],
    "isTemplate": false,
    "count": 0,
    "updated": 0
  },
  {
    "id": "6e2fd2c7-f15d-4fac-805c-d43ad6edf79e",
    "data": [
      {
        "text": "bac +4",
        "alias": "Niveau_etude",
        "meta": "@Niveau_etude",
        "userDefined": true
      }
    ],
    "isTemplate": false,
    "count": 0,
    "updated": 0
  },
  {
    "id": "df672548-3465-4b9f-8541-7f412d5ab854",
    "data": [
      {
        "text": "Master 1",
        "alias": "Niveau_etude",
        "meta": "@Niveau_etude",
        "userDefined": false
      }
    ],
    "isTemplate": false,
    "count": 0,
    "updated": 0
  },
  {
    "id": "37bf3a5b-9e48-4e5e-95d6-d6c6cb15ab10",
    "data": [
      {
        "text": "M1",
        "alias": "Niveau_etude",
        "meta": "@Niveau_etude",
        "userDefined": true
      }
    ],
    "isTemplate": false,
    "count": 0,
    "updated": 0
  }
]