[
  {
    "id": "ac8fd33b-022e-47e0-8f16-a042e0f95d8a",
    "data": [
      {
        "text": "master en génie maritime",
        "alias": "Statut_ENSTA",
        "meta": "@Statut_ENSTA",
        "userDefined": false
      }
    ],
    "isTemplate": false,
    "count": 0,
    "updated": 0
  },
  {
    "id": "3c039ea4-7c73-4e1f-bc75-49eb8d36ba2d",
    "data": [
      {
        "text": "génie maritime",
        "userDefined": false
      }
    ],
    "isTemplate": false,
    "count": 0,
    "updated": 0
  }
]