[
  {
    "id": "fd9535ed-3c66-492c-9e90-91daebeed276",
    "data": [
      {
        "text": "je suis en ",
        "userDefined": false
      },
      {
        "text": "M1",
        "alias": "Niveau_etude",
        "meta": "@Niveau_etude",
        "userDefined": true
      },
      {
        "text": " est souhaite ",
        "userDefined": false
      },
      {
        "text": "intégrer",
        "alias": "Integrer_ENSTA",
        "meta": "@Integrer_ENSTA",
        "userDefined": false
      },
      {
        "text": " la ",
        "userDefined": false
      },
      {
        "text": "formation généraliste",
        "alias": "Statut_ENSTA",
        "meta": "@Statut_ENSTA",
        "userDefined": true
      }
    ],
    "isTemplate": false,
    "count": 0,
    "updated": 0
  },
  {
    "id": "0a8857e7-8fee-4367-a94d-b76765107383",
    "data": [
      {
        "text": "bac +4",
        "alias": "Niveau_etude",
        "meta": "@Niveau_etude",
        "userDefined": true
      }
    ],
    "isTemplate": false,
    "count": 0,
    "updated": 0
  },
  {
    "id": "ebdf5169-5e6d-4bd2-8f12-89ef1a7d5514",
    "data": [
      {
        "text": "Master 1",
        "alias": "Niveau_etude",
        "meta": "@Niveau_etude",
        "userDefined": false
      }
    ],
    "isTemplate": false,
    "count": 0,
    "updated": 0
  },
  {
    "id": "1a59b620-704b-411a-98e3-3c2d5034e7e7",
    "data": [
      {
        "text": "M1",
        "alias": "Niveau_etude",
        "meta": "@Niveau_etude",
        "userDefined": true
      }
    ],
    "isTemplate": false,
    "count": 0,
    "updated": 0
  }
]