[
  {
    "id": "3f8d2111-fd2d-49d2-a68d-38b217369181",
    "data": [
      {
        "text": "master",
        "meta": "@sys.ignore",
        "userDefined": false
      },
      {
        "text": " d\u0027ingénierie ",
        "userDefined": false
      },
      {
        "text": "automobile",
        "meta": "@sys.ignore",
        "userDefined": false
      }
    ],
    "isTemplate": false,
    "count": 0,
    "updated": 0
  },
  {
    "id": "e40fd7c1-754b-45c9-9dba-2af6bc09f0eb",
    "data": [
      {
        "text": "ingénierie ",
        "userDefined": false
      },
      {
        "text": "automobile",
        "meta": "@sys.ignore",
        "userDefined": false
      }
    ],
    "isTemplate": false,
    "count": 0,
    "updated": 0
  }
]