[
  {
    "id": "bc685dcd-6147-45fc-af0d-e79044499c65",
    "data": [
      {
        "text": "erasmus",
        "alias": "Niveau_etude",
        "meta": "@Niveau_etude",
        "userDefined": false
      }
    ],
    "isTemplate": false,
    "count": 0,
    "updated": 0
  },
  {
    "id": "7ad70aad-a961-45f1-b15a-982c72000155",
    "data": [
      {
        "text": "FITEC Program",
        "alias": "Niveau_etude",
        "meta": "@Niveau_etude",
        "userDefined": true
      }
    ],
    "isTemplate": false,
    "count": 0,
    "updated": 0
  },
  {
    "id": "751a7d38-46bf-40ca-ade6-6b54ba08b3ab",
    "data": [
      {
        "text": "I\u0027m attending a ",
        "userDefined": false
      },
      {
        "text": "European partner university",
        "alias": "Niveau_etude",
        "meta": "@Niveau_etude",
        "userDefined": false
      }
    ],
    "isTemplate": false,
    "count": 0,
    "updated": 0
  },
  {
    "id": "64ff5c7c-b024-433e-a58b-be4b1f2d17c6",
    "data": [
      {
        "text": "I wanna ",
        "userDefined": false
      },
      {
        "text": "do",
        "meta": "@sys.ignore",
        "userDefined": false
      },
      {
        "text": " ",
        "userDefined": false
      },
      {
        "text": "Erasmus",
        "alias": "Niveau_etude",
        "meta": "@Niveau_etude",
        "userDefined": false
      }
    ],
    "isTemplate": false,
    "count": 1,
    "updated": 0
  }
]