[
  {
    "id": "49569fcd-7613-49e5-b432-e1c152c5a025",
    "data": [
      {
        "text": "BSC",
        "alias": "Niveau_etude",
        "meta": "@Niveau_etude",
        "userDefined": false
      },
      {
        "text": " ",
        "userDefined": false
      },
      {
        "text": "equivalent",
        "meta": "@sys.ignore",
        "userDefined": true
      }
    ],
    "isTemplate": false,
    "count": 0,
    "updated": 0
  },
  {
    "id": "50038081-24f2-4442-bcb2-421ca0831fc0",
    "data": [
      {
        "text": "I\u0027m actually doing a ",
        "userDefined": false
      },
      {
        "text": "BSC",
        "alias": "Niveau_etude",
        "meta": "@Niveau_etude",
        "userDefined": false
      }
    ],
    "isTemplate": false,
    "count": 0,
    "updated": 0
  },
  {
    "id": "db042d33-f8d0-4f01-86ed-04563f7e1f9f",
    "data": [
      {
        "text": "Bachelor of science",
        "alias": "Niveau_etude",
        "meta": "@Niveau_etude",
        "userDefined": false
      }
    ],
    "isTemplate": false,
    "count": 0,
    "updated": 0
  },
  {
    "id": "abc08a0c-abbd-4ef2-83cc-8c79f223c6ed",
    "data": [
      {
        "text": "BSC",
        "alias": "Niveau_etude",
        "meta": "@Niveau_etude",
        "userDefined": true
      }
    ],
    "isTemplate": false,
    "count": 0,
    "updated": 0
  }
]