[
  {
    "id": "1e8d2860-6bc9-4b8c-bac2-1648a378cdd0",
    "data": [
      {
        "text": "master",
        "meta": "@sys.ignore",
        "userDefined": false
      },
      {
        "text": " d\u0027ingénierie ",
        "userDefined": false
      },
      {
        "text": "automobile",
        "meta": "@sys.ignore",
        "userDefined": false
      }
    ],
    "isTemplate": false,
    "count": 0,
    "updated": 0
  },
  {
    "id": "8d1958be-d1fe-4d1f-9145-ded61743f02a",
    "data": [
      {
        "text": "ingénierie ",
        "userDefined": false
      },
      {
        "text": "automobile",
        "meta": "@sys.ignore",
        "userDefined": false
      }
    ],
    "isTemplate": false,
    "count": 0,
    "updated": 0
  }
]