[
  {
    "id": "84097720-331b-4d18-be4a-d02244132816",
    "data": [
      {
        "text": "archi et sécu des sys elec et log",
        "userDefined": false
      }
    ],
    "isTemplate": false,
    "count": 0,
    "updated": 0
  },
  {
    "id": "4ab01834-d601-414b-bc8c-1eb5d43316a5",
    "data": [
      {
        "text": "ARCHITECTURE ET SÉCURITÉ DES SYSTÈMES ELECTRONIQUES ET LOGICIELS",
        "userDefined": false
      }
    ],
    "isTemplate": false,
    "count": 0,
    "updated": 0
  }
]