[
  {
    "id": "4d9c6dae-73ba-436b-b01c-f07a274f0e29",
    "data": [
      {
        "text": "master en hydrographie",
        "alias": "Master",
        "meta": "@Master",
        "userDefined": true
      }
    ],
    "isTemplate": false,
    "count": 0,
    "updated": 0
  },
  {
    "id": "6848d06f-c60f-4220-bfe5-98f4d5ab4222",
    "data": [
      {
        "text": "hydrographie",
        "alias": "Master",
        "meta": "@Master",
        "userDefined": true
      }
    ],
    "isTemplate": false,
    "count": 0,
    "updated": 0
  }
]