[
  {
    "id": "598e8df3-d731-46ac-8c6b-79099c218406",
    "data": [
      {
        "text": "master en génie maritime",
        "alias": "Statut_ENSTA",
        "meta": "@Statut_ENSTA",
        "userDefined": false
      }
    ],
    "isTemplate": false,
    "count": 0,
    "updated": 0
  },
  {
    "id": "c9c19b54-1d16-49dd-b9dc-42c961f9f272",
    "data": [
      {
        "text": "génie maritime",
        "alias": "Statut_ENSTA",
        "meta": "@Statut_ENSTA",
        "userDefined": true
      }
    ],
    "isTemplate": false,
    "count": 0,
    "updated": 0
  }
]