[
  {
    "id": "e86c049a-dcb9-421b-b8aa-7566b3cd20dd",
    "data": [
      {
        "text": "I would like to contact ",
        "userDefined": false
      },
      {
        "text": "someone who could help me with the propagation course",
        "alias": "Qui",
        "meta": "@Qui",
        "userDefined": true
      }
    ],
    "isTemplate": false,
    "count": 0,
    "updated": 0
  },
  {
    "id": "e65e7a4a-d4bd-4f2a-b102-beccf4ed40df",
    "data": [
      {
        "text": "I would like to contact ",
        "userDefined": false
      },
      {
        "text": "Nicolas",
        "alias": "Qui",
        "meta": "@Qui",
        "userDefined": true
      }
    ],
    "isTemplate": false,
    "count": 0,
    "updated": 0
  },
  {
    "id": "ab9766fb-85a5-425d-92f5-37892ae34ed7",
    "data": [
      {
        "text": "Contact",
        "userDefined": false
      }
    ],
    "isTemplate": false,
    "count": 0,
    "updated": 0
  },
  {
    "id": "5e60ac36-4e21-4d4f-ac90-bfc98be07354",
    "data": [
      {
        "text": "Contact ",
        "userDefined": false
      },
      {
        "text": "Mr Jonquiere and Ms Lamy",
        "alias": "Qui",
        "meta": "@Qui",
        "userDefined": true
      }
    ],
    "isTemplate": false,
    "count": 0,
    "updated": 0
  },
  {
    "id": "779386e4-e3db-4984-9f25-e1394119cca2",
    "data": [
      {
        "text": "Contact ",
        "userDefined": false
      },
      {
        "text": "Mister Miss and Miss Mister",
        "alias": "Qui",
        "meta": "@Qui",
        "userDefined": true
      }
    ],
    "isTemplate": false,
    "count": 0,
    "updated": 0
  }
]