[
  {
    "id": "32c18e6b-d066-4dac-b623-057752d3a87e",
    "data": [
      {
        "text": "I would like to contact ",
        "userDefined": false
      },
      {
        "text": "someone who could help me with the propagation course",
        "alias": "Qui",
        "meta": "@Qui",
        "userDefined": true
      }
    ],
    "isTemplate": false,
    "count": 0,
    "updated": 0
  },
  {
    "id": "f16b8aad-7ccf-443b-86f7-270b981ad65d",
    "data": [
      {
        "text": "I would like to contact ",
        "userDefined": false
      },
      {
        "text": "Nicolas",
        "alias": "Qui",
        "meta": "@Qui",
        "userDefined": true
      }
    ],
    "isTemplate": false,
    "count": 0,
    "updated": 0
  },
  {
    "id": "ee4927e5-ef04-4019-803a-a305d58891f1",
    "data": [
      {
        "text": "Contact",
        "userDefined": false
      }
    ],
    "isTemplate": false,
    "count": 0,
    "updated": 0
  },
  {
    "id": "76a31fb8-dc12-4523-942f-33e695286b00",
    "data": [
      {
        "text": "Contact ",
        "userDefined": false
      },
      {
        "text": "Mr Jonquiere and Ms Lamy",
        "alias": "Qui",
        "meta": "@Qui",
        "userDefined": true
      }
    ],
    "isTemplate": false,
    "count": 0,
    "updated": 0
  },
  {
    "id": "5c38a0b9-b6a6-4285-beac-b0af3678ba2a",
    "data": [
      {
        "text": "Contact ",
        "userDefined": false
      },
      {
        "text": "Mister Miss and Miss Mister",
        "alias": "Qui",
        "meta": "@Qui",
        "userDefined": true
      }
    ],
    "isTemplate": false,
    "count": 0,
    "updated": 0
  }
]