[
  {
    "id": "3a1fe980-4ccc-45fb-b281-4bbd2223a6a8",
    "data": [
      {
        "text": "le ",
        "userDefined": false
      },
      {
        "text": "master",
        "alias": "Niveau_etude",
        "meta": "@Niveau_etude",
        "userDefined": false
      }
    ],
    "isTemplate": false,
    "count": 0,
    "updated": 0
  },
  {
    "id": "62247009-eede-432b-b977-f14ff76ca69f",
    "data": [
      {
        "text": "masters",
        "alias": "Niveau_etude",
        "meta": "@Niveau_etude",
        "userDefined": false
      }
    ],
    "isTemplate": false,
    "count": 0,
    "updated": 0
  }
]