[
  {
    "id": "4fb85e44-8886-40ac-9700-24e60cf7acd1",
    "data": [
      {
        "text": "bbieincindin,c,",
        "userDefined": false
      }
    ],
    "isTemplate": false,
    "count": 0,
    "updated": 0
  },
  {
    "id": "f3f61e33-173a-46e4-b921-733c8d4a1817",
    "data": [
      {
        "text": "drfr",
        "userDefined": false
      }
    ],
    "isTemplate": false,
    "count": 0,
    "updated": 0
  },
  {
    "id": "4b824d45-6dfe-4e45-8312-4ccfb0b418c5",
    "data": [
      {
        "text": "dbdbdbd\n",
        "userDefined": false
      }
    ],
    "isTemplate": false,
    "count": 0,
    "updated": 0
  },
  {
    "id": "c10717a8-61dd-4b68-9ff0-3be56cab0aba",
    "data": [
      {
        "text": "rjrydtdy",
        "userDefined": false
      }
    ],
    "isTemplate": false,
    "count": 1,
    "updated": 0
  },
  {
    "id": "39250f7d-c42d-46ff-ad78-57feeab9271f",
    "data": [
      {
        "text": "dhdjdk",
        "userDefined": false
      }
    ],
    "isTemplate": false,
    "count": 1,
    "updated": 0
  },
  {
    "id": "dc31cb62-53e2-48ee-bd8f-404959c4a53a",
    "data": [
      {
        "text": " judidjfj",
        "userDefined": false
      }
    ],
    "isTemplate": false,
    "count": 0,
    "updated": 0
  },
  {
    "id": "2938f796-7b38-432b-b97b-6fc7b4a72c8c",
    "data": [
      {
        "text": "f",
        "userDefined": false
      }
    ],
    "isTemplate": false,
    "count": 0,
    "updated": 0
  },
  {
    "id": "f9a05384-446b-4cf7-9458-d200f6e5bc9d",
    "data": [
      {
        "text": "j",
        "userDefined": false
      }
    ],
    "isTemplate": false,
    "count": 1,
    "updated": 0
  },
  {
    "id": "3d0df0c4-853c-4b32-a607-68d31eca1439",
    "data": [
      {
        "text": "cbf",
        "userDefined": false
      }
    ],
    "isTemplate": false,
    "count": 0,
    "updated": 0
  },
  {
    "id": "fd3e2c61-e4d3-40a9-903c-e782314202e7",
    "data": [
      {
        "text": "uu",
        "userDefined": false
      }
    ],
    "isTemplate": false,
    "count": 0,
    "updated": 0
  },
  {
    "id": "41cbfba9-7b29-421e-af16-585c87e24362",
    "data": [
      {
        "text": "xdds",
        "userDefined": false
      }
    ],
    "isTemplate": false,
    "count": 0,
    "updated": 0
  },
  {
    "id": "7f32a779-5d49-4086-b748-6e94e7416fc7",
    "data": [
      {
        "text": "kfkf",
        "userDefined": false
      }
    ],
    "isTemplate": false,
    "count": 0,
    "updated": 0
  },
  {
    "id": "9121c749-d8ea-4f38-9587-b70531374757",
    "data": [
      {
        "text": "kaw",
        "userDefined": false
      }
    ],
    "isTemplate": false,
    "count": 0,
    "updated": 0
  },
  {
    "id": "fee9d398-db88-4fc6-80e4-527189a32a5d",
    "data": [
      {
        "text": "udhd",
        "userDefined": false
      }
    ],
    "isTemplate": false,
    "count": 0,
    "updated": 0
  },
  {
    "id": "23a9fd0b-9d6b-4257-b5f7-183dd2cddf51",
    "data": [
      {
        "text": "yy",
        "userDefined": false
      }
    ],
    "isTemplate": false,
    "count": 0,
    "updated": 0
  },
  {
    "id": "d66b79cc-f391-4d71-929f-a6910fbb018a",
    "data": [
      {
        "text": "hdnnd",
        "userDefined": false
      }
    ],
    "isTemplate": false,
    "count": 0,
    "updated": 0
  },
  {
    "id": "697df6c4-58ee-4cb9-b31e-2e68f1bd4d7d",
    "data": [
      {
        "text": "dnne",
        "userDefined": false
      }
    ],
    "isTemplate": false,
    "count": 0,
    "updated": 0
  },
  {
    "id": "43817708-630d-479e-86e6-50fa00f411f0",
    "data": [
      {
        "text": "gg",
        "userDefined": false
      }
    ],
    "isTemplate": false,
    "count": 0,
    "updated": 0
  },
  {
    "id": "497a3646-60c9-4984-8f01-9e815ef62353",
    "data": [
      {
        "text": "heifhzodjosl1",
        "userDefined": false
      }
    ],
    "isTemplate": false,
    "count": 0,
    "updated": 0
  },
  {
    "id": "d36f5a1b-87cc-47be-8f02-826e1bf6e5f8",
    "data": [
      {
        "text": "jbbbbbbbbbbjj",
        "userDefined": false
      }
    ],
    "isTemplate": false,
    "count": 0,
    "updated": 0
  },
  {
    "id": "c790b734-19cc-4412-844a-b7905f227164",
    "data": [
      {
        "text": "cccctd",
        "userDefined": false
      }
    ],
    "isTemplate": false,
    "count": 1,
    "updated": 0
  },
  {
    "id": "8cb84a15-664f-44ab-a66b-5beb9fb5e421",
    "data": [
      {
        "text": "ft",
        "userDefined": false
      }
    ],
    "isTemplate": false,
    "count": 0,
    "updated": 0
  },
  {
    "id": "ce7d740d-a79f-44cf-8d5d-ee5f84774e7c",
    "data": [
      {
        "text": "xznxozjap",
        "userDefined": false
      }
    ],
    "isTemplate": false,
    "count": 0,
    "updated": 0
  },
  {
    "id": "b578d231-4571-4113-922e-fc3a59c060fd",
    "data": [
      {
        "text": ",x,ozl,xpz",
        "userDefined": false
      }
    ],
    "isTemplate": false,
    "count": 0,
    "updated": 0
  },
  {
    "id": "e463cebf-4e44-4161-84cf-359b593ccb0c",
    "data": [
      {
        "text": "kkk",
        "userDefined": false
      }
    ],
    "isTemplate": false,
    "count": 0,
    "updated": 0
  },
  {
    "id": "2655b4b2-10d0-455c-b84f-f98363c49d67",
    "data": [
      {
        "text": "xniznonx",
        "userDefined": false
      }
    ],
    "isTemplate": false,
    "count": 0,
    "updated": 0
  },
  {
    "id": "e89ea6e0-f7fc-4ab9-89f5-41aa0ac93215",
    "data": [
      {
        "text": "xnzi",
        "userDefined": false
      }
    ],
    "isTemplate": false,
    "count": 0,
    "updated": 0
  },
  {
    "id": "1830c8c9-4c25-4234-a333-8af8cbcb4df1",
    "data": [
      {
        "text": "dguzhdizjodo",
        "userDefined": false
      }
    ],
    "isTemplate": false,
    "count": 0,
    "updated": 0
  }
]