[
  {
    "id": "0a33a628-9d24-4797-9b1e-412ed12d55a0",
    "data": [
      {
        "text": "cordhei wasd",
        "userDefined": false
      }
    ],
    "isTemplate": false,
    "count": 0,
    "updated": 0
  },
  {
    "id": "9e76f21e-12be-42f6-bd25-b8e799cf29e7",
    "data": [
      {
        "text": "eqwkoefjevb  cneujc cijne",
        "userDefined": false
      }
    ],
    "isTemplate": false,
    "count": 0,
    "updated": 0
  },
  {
    "id": "f81c1642-6e01-47f1-8cfe-7e065211e5a0",
    "data": [
      {
        "text": "qqwuhyqisioqei",
        "userDefined": false
      }
    ],
    "isTemplate": false,
    "count": 0,
    "updated": 0
  },
  {
    "id": "a7232fdf-d401-4b17-85a0-d7c60f4093e6",
    "data": [
      {
        "text": "bbieincindin,c",
        "userDefined": false
      }
    ],
    "isTemplate": false,
    "count": 0,
    "updated": 0
  },
  {
    "id": "34400e66-c497-4915-830a-4ce20b579405",
    "data": [
      {
        "text": "cewufuwe",
        "userDefined": false
      }
    ],
    "isTemplate": false,
    "count": 0,
    "updated": 0
  },
  {
    "id": "173da6ae-2de2-4c27-b430-0d94b3d3f7f8",
    "data": [
      {
        "text": "asdsaf",
        "userDefined": false
      }
    ],
    "isTemplate": false,
    "count": 0,
    "updated": 0
  },
  {
    "id": "aeaac5ce-80b6-49df-89b8-e74f981ca2d6",
    "data": [
      {
        "text": "qwqe",
        "userDefined": false
      }
    ],
    "isTemplate": false,
    "count": 0,
    "updated": 0
  },
  {
    "id": "7d388eab-6800-4e78-b2b1-2d77e8ad06a5",
    "data": [
      {
        "text": "fewjifhewjo",
        "userDefined": false
      }
    ],
    "isTemplate": false,
    "count": 0,
    "updated": 0
  },
  {
    "id": "cadffdce-c5ce-468a-8fe4-8120933dd96f",
    "data": [
      {
        "text": "fenwife",
        "userDefined": false
      }
    ],
    "isTemplate": false,
    "count": 0,
    "updated": 0
  }
]