[
  {
    "id": "c421a89c-c542-421d-bcf7-3e52ba02cdd5",
    "data": [
      {
        "text": "Je suis Nicolas et toi ?",
        "userDefined": false
      }
    ],
    "isTemplate": false,
    "count": 0,
    "updated": 0
  },
  {
    "id": "4517121d-ffa7-4a36-821a-0c7faef2379d",
    "data": [
      {
        "text": "quels sont tes origines",
        "userDefined": false
      }
    ],
    "isTemplate": false,
    "count": 1,
    "updated": 0
  },
  {
    "id": "ca7515fc-e2dd-4e39-b03f-eebac3e18788",
    "data": [
      {
        "text": "tu as été programmée où ?",
        "userDefined": false
      }
    ],
    "isTemplate": false,
    "count": 1,
    "updated": 0
  },
  {
    "id": "18111e81-b559-462d-84b1-55be2f5fe39a",
    "data": [
      {
        "text": "quel âge as-tu ?",
        "userDefined": false
      }
    ],
    "isTemplate": false,
    "count": 1,
    "updated": 0
  },
  {
    "id": "e990dae7-597b-4153-a8b2-9105e7e6da0e",
    "data": [
      {
        "text": "jtm",
        "userDefined": false
      }
    ],
    "isTemplate": false,
    "count": 1,
    "updated": 0
  },
  {
    "id": "aef66881-ade8-455b-9431-b474972b4563",
    "data": [
      {
        "text": "je t\u0027aime",
        "userDefined": false
      }
    ],
    "isTemplate": false,
    "count": 1,
    "updated": 0
  },
  {
    "id": "8749284c-2261-4748-87d2-0de8d3d6fc30",
    "data": [
      {
        "text": "ok",
        "userDefined": false
      }
    ],
    "isTemplate": false,
    "count": 0,
    "updated": 0
  },
  {
    "id": "80d774fb-542d-4962-bb74-fe3a2bfed52e",
    "data": [
      {
        "text": "ohoh",
        "userDefined": false
      }
    ],
    "isTemplate": false,
    "count": 1,
    "updated": 0
  },
  {
    "id": "51d61a49-2e8e-4cdc-8007-9720104688a3",
    "data": [
      {
        "text": "veux tu te marier avec moi",
        "userDefined": false
      }
    ],
    "isTemplate": false,
    "count": 1,
    "updated": 0
  },
  {
    "id": "13a43164-8f97-4936-b4e3-76c41818b5e3",
    "data": [
      {
        "text": "ça va ?",
        "userDefined": false
      }
    ],
    "isTemplate": false,
    "count": 1,
    "updated": 0
  },
  {
    "id": "502017af-0a1d-49c1-894e-75210f17eb63",
    "data": [
      {
        "text": "TG",
        "userDefined": false
      }
    ],
    "isTemplate": false,
    "count": 1,
    "updated": 0
  },
  {
    "id": "7a2bf083-50a0-4187-bdee-e973be95e957",
    "data": [
      {
        "text": "ta gueule",
        "userDefined": false
      }
    ],
    "isTemplate": false,
    "count": 1,
    "updated": 0
  },
  {
    "id": "e980991c-f99f-44c9-b3cb-da00e76095d8",
    "data": [
      {
        "text": "je te pris de cesser ces Babillages",
        "userDefined": false
      }
    ],
    "isTemplate": false,
    "count": 1,
    "updated": 0
  },
  {
    "id": "67f6ff77-b351-4811-bca8-bcf46e40bcb9",
    "data": [
      {
        "text": "oui tais toi",
        "userDefined": false
      }
    ],
    "isTemplate": false,
    "count": 1,
    "updated": 0
  },
  {
    "id": "4a5de52b-45ad-41ce-b9a8-30c85c984f6c",
    "data": [
      {
        "text": "il fait beau aujourd\u0027hui",
        "userDefined": false
      }
    ],
    "isTemplate": false,
    "count": 1,
    "updated": 0
  },
  {
    "id": "c751201e-3667-482a-8d16-609427d79c55",
    "data": [
      {
        "text": "grr",
        "userDefined": false
      }
    ],
    "isTemplate": false,
    "count": 0,
    "updated": 0
  },
  {
    "id": "03cdbfe6-6de0-4e84-a26e-6052a4da8501",
    "data": [
      {
        "text": "je viens de ta mère",
        "userDefined": false
      }
    ],
    "isTemplate": false,
    "count": 0,
    "updated": 0
  },
  {
    "id": "79b939ef-d4e2-4e6b-94bf-0ec18665760b",
    "data": [
      {
        "text": "test",
        "userDefined": false
      }
    ],
    "isTemplate": false,
    "count": 2,
    "updated": 0
  },
  {
    "id": "0c86e74c-0e74-48ac-9f01-477215448e27",
    "data": [
      {
        "text": "GOOGLE_ASSISTANT_WELCOME",
        "userDefined": false
      }
    ],
    "isTemplate": false,
    "count": 3,
    "updated": 0
  },
  {
    "id": "2069b01c-d846-4e0e-aef3-117d80a6fc6b",
    "data": [
      {
        "text": "face",
        "userDefined": false
      }
    ],
    "isTemplate": false,
    "count": 0,
    "updated": 0
  }
]