[
  {
    "id": "fdd8c497-2306-42de-9dd3-52ed488fe162",
    "data": [
      {
        "text": "test",
        "userDefined": false
      }
    ],
    "isTemplate": false,
    "count": 1,
    "updated": 0
  },
  {
    "id": "2069b01c-d846-4e0e-aef3-117d80a6fc6b",
    "data": [
      {
        "text": "face",
        "userDefined": false
      }
    ],
    "isTemplate": false,
    "count": 0,
    "updated": 0
  },
  {
    "id": "a095010a-3151-4103-8afd-1be8f6c028dc",
    "data": [
      {
        "text": "this is a try",
        "userDefined": false
      }
    ],
    "isTemplate": false,
    "count": 0,
    "updated": 0
  },
  {
    "id": "988121f1-649d-4938-a039-a41c7d596cea",
    "data": [
      {
        "text": "quels sont tes origines",
        "userDefined": false
      }
    ],
    "isTemplate": false,
    "count": 0,
    "updated": 0
  },
  {
    "id": "82e85835-a7e4-47fb-885f-89f48c30d655",
    "data": [
      {
        "text": "tu as été programmée où ?",
        "userDefined": false
      }
    ],
    "isTemplate": false,
    "count": 0,
    "updated": 0
  },
  {
    "id": "a8e04332-775c-42ff-ac32-f5745436b2e1",
    "data": [
      {
        "text": "quel âge as-tu ?",
        "userDefined": false
      }
    ],
    "isTemplate": false,
    "count": 0,
    "updated": 0
  },
  {
    "id": "74dc2b8a-bc02-43f7-ae63-b7179274c537",
    "data": [
      {
        "text": "jtm",
        "userDefined": false
      }
    ],
    "isTemplate": false,
    "count": 0,
    "updated": 0
  },
  {
    "id": "9d162813-19a2-447a-8d0c-e620ef6c50b3",
    "data": [
      {
        "text": "je t\u0027aime",
        "userDefined": false
      }
    ],
    "isTemplate": false,
    "count": 0,
    "updated": 0
  },
  {
    "id": "f10d0aa1-97b3-430d-8f19-ab42c7ac0cc4",
    "data": [
      {
        "text": "veux tu te marier avec moi",
        "userDefined": false
      }
    ],
    "isTemplate": false,
    "count": 0,
    "updated": 0
  },
  {
    "id": "f3ba11e9-b939-43f3-b9ef-b552a8481090",
    "data": [
      {
        "text": "ça va ?",
        "userDefined": false
      }
    ],
    "isTemplate": false,
    "count": 0,
    "updated": 0
  },
  {
    "id": "67bd9599-f64f-48e8-ab88-3010e3539f1f",
    "data": [
      {
        "text": "TG",
        "userDefined": false
      }
    ],
    "isTemplate": false,
    "count": 0,
    "updated": 0
  },
  {
    "id": "c1e6eb1d-2385-4619-af07-3ad8a08b3e1b",
    "data": [
      {
        "text": "ta gueule",
        "userDefined": false
      }
    ],
    "isTemplate": false,
    "count": 0,
    "updated": 0
  },
  {
    "id": "a0b19773-100c-464b-9542-411083c8894f",
    "data": [
      {
        "text": "je te pris de cesser ces Babillages",
        "userDefined": false
      }
    ],
    "isTemplate": false,
    "count": 0,
    "updated": 0
  },
  {
    "id": "5013863b-d958-4e3b-9565-4408dc99992b",
    "data": [
      {
        "text": "oui tais toi",
        "userDefined": false
      }
    ],
    "isTemplate": false,
    "count": 0,
    "updated": 0
  },
  {
    "id": "3e5b6e7b-eebe-46b4-b44f-48ecd4c50ba8",
    "data": [
      {
        "text": "il fait beau aujourd\u0027hui",
        "userDefined": false
      }
    ],
    "isTemplate": false,
    "count": 0,
    "updated": 0
  },
  {
    "id": "97512384-07df-47bd-8f0a-0ee0fd126553",
    "data": [
      {
        "text": "dbdbdbd",
        "userDefined": false
      }
    ],
    "isTemplate": false,
    "count": 0,
    "updated": 0
  }
]