[
  {
    "id": "cf45e3f9-e4f6-405c-abd2-5301b0b73261",
    "data": [
      {
        "text": "Face",
        "userDefined": false
      }
    ],
    "isTemplate": false,
    "count": 0,
    "updated": 0
  },
  {
    "id": "41ed05d6-c940-43d9-82f0-644166c91210",
    "data": [
      {
        "text": "GOOGLE_ASSISTANT_WELCOME",
        "userDefined": false
      }
    ],
    "isTemplate": false,
    "count": 0,
    "updated": 0
  },
  {
    "id": "475d948e-8f97-45e3-a422-b6fa43050056",
    "data": [
      {
        "text": "I want you to stop",
        "userDefined": false
      }
    ],
    "isTemplate": false,
    "count": 0,
    "updated": 0
  },
  {
    "id": "bdfeed12-8136-4b9d-8dec-2089efb937c8",
    "data": [
      {
        "text": "Stop talking.",
        "userDefined": false
      }
    ],
    "isTemplate": false,
    "count": 0,
    "updated": 0
  },
  {
    "id": "a97727c5-3ff7-4f7e-9a2f-5ab6e6fcc026",
    "data": [
      {
        "text": "Are you ok ?",
        "userDefined": false
      }
    ],
    "isTemplate": false,
    "count": 0,
    "updated": 0
  },
  {
    "id": "da3c58c5-bd28-45df-abb4-898452847c6a",
    "data": [
      {
        "text": "Do you wanna marry me ?",
        "userDefined": false
      }
    ],
    "isTemplate": false,
    "count": 0,
    "updated": 0
  },
  {
    "id": "a5ac14b3-6641-4749-a136-fdf33dafd807",
    "data": [
      {
        "text": "I love you",
        "userDefined": false
      }
    ],
    "isTemplate": false,
    "count": 0,
    "updated": 0
  },
  {
    "id": "d356ef20-99fe-457f-bc40-72b45fd35ac9",
    "data": [
      {
        "text": "How old are you ?",
        "userDefined": false
      }
    ],
    "isTemplate": false,
    "count": 0,
    "updated": 0
  },
  {
    "id": "91c84bca-cf86-4801-bd36-e77be803ab07",
    "data": [
      {
        "text": "Where have you been programmed ?",
        "userDefined": false
      }
    ],
    "isTemplate": false,
    "count": 0,
    "updated": 0
  },
  {
    "id": "426b11e6-3b3f-447a-9a7f-2a171e0fe896",
    "data": [
      {
        "text": "Where are you coming from ?",
        "userDefined": false
      }
    ],
    "isTemplate": false,
    "count": 0,
    "updated": 0
  },
  {
    "id": "5eb869cc-ac8c-4926-ab89-fe68a09b3568",
    "data": [
      {
        "text": "I\u0027m Nicolas and you ?",
        "userDefined": false
      }
    ],
    "isTemplate": false,
    "count": 0,
    "updated": 0
  }
]