[
  {
    "id": "dcbe7c36-d0c7-4ecf-9134-ad7e65ff350c",
    "data": [
      {
        "text": "Obtain ",
        "userDefined": false
      },
      {
        "text": "assignments",
        "alias": "Devoirs",
        "meta": "@Devoirs",
        "userDefined": false
      },
      {
        "text": " ",
        "userDefined": false
      },
      {
        "text": "from previous years",
        "alias": "date-period",
        "meta": "@sys.date-period",
        "userDefined": false
      }
    ],
    "isTemplate": false,
    "count": 0,
    "updated": 0
  },
  {
    "id": "c4a3b9f5-5f36-409c-90d9-08349a71caa0",
    "data": [
      {
        "text": "Do you have the answers to the FPGA ",
        "userDefined": false
      },
      {
        "text": "design office",
        "alias": "Devoirs",
        "meta": "@Devoirs",
        "userDefined": true
      }
    ],
    "isTemplate": false,
    "count": 0,
    "updated": 0
  },
  {
    "id": "404496db-08ae-470b-90de-7a7cee2ed3c5",
    "data": [
      {
        "text": "Exams",
        "alias": "Devoirs",
        "meta": "@Devoirs",
        "userDefined": true
      }
    ],
    "isTemplate": false,
    "count": 0,
    "updated": 0
  },
  {
    "id": "9ae841c5-6a8f-45de-b223-2897fe3afeea",
    "data": [
      {
        "text": "Exam",
        "alias": "Devoirs",
        "meta": "@Devoirs",
        "userDefined": true
      }
    ],
    "isTemplate": false,
    "count": 0,
    "updated": 0
  },
  {
    "id": "5691d440-9d1b-4616-85bd-84a53c367717",
    "data": [
      {
        "text": "Tomorrow",
        "alias": "date",
        "meta": "@sys.date",
        "userDefined": false
      },
      {
        "text": " I\u0027ll have a ",
        "userDefined": false
      },
      {
        "text": "system engineering design office",
        "alias": "Devoirs",
        "meta": "@Devoirs",
        "userDefined": true
      },
      {
        "text": ", do you have some things for me ?",
        "userDefined": false
      }
    ],
    "isTemplate": false,
    "count": 0,
    "updated": 0
  },
  {
    "id": "9a79c017-047d-44de-865e-ab86f1e6ba45",
    "data": [
      {
        "text": "Hello I have a java ",
        "userDefined": false
      },
      {
        "text": "exam",
        "alias": "Devoirs",
        "meta": "@Devoirs",
        "userDefined": true
      }
    ],
    "isTemplate": false,
    "count": 0,
    "updated": 0
  },
  {
    "id": "5322abfa-7b8c-4f36-b4ea-53e10055387e",
    "data": [
      {
        "text": "an ",
        "userDefined": false
      },
      {
        "text": "assignment",
        "alias": "Devoirs",
        "meta": "@Devoirs",
        "userDefined": true
      }
    ],
    "isTemplate": false,
    "count": 0,
    "updated": 0
  }
]