[
  {
    "id": "c9c5688f-f7c2-4a3d-83d8-fbd5b6189cd5",
    "data": [
      {
        "text": "Do you have the answers to the FPGA ",
        "userDefined": false
      },
      {
        "text": "design office",
        "alias": "Devoirs",
        "meta": "@Devoirs",
        "userDefined": true
      }
    ],
    "isTemplate": false,
    "count": 0,
    "updated": 0
  },
  {
    "id": "0d02cd41-4776-4b92-abea-935a7fe88fd6",
    "data": [
      {
        "text": "Exams",
        "alias": "Devoirs",
        "meta": "@Devoirs",
        "userDefined": true
      }
    ],
    "isTemplate": false,
    "count": 0,
    "updated": 0
  },
  {
    "id": "c6670511-9bb3-4de4-88f3-4dcb2da11785",
    "data": [
      {
        "text": "Exam",
        "alias": "Devoirs",
        "meta": "@Devoirs",
        "userDefined": true
      }
    ],
    "isTemplate": false,
    "count": 0,
    "updated": 0
  },
  {
    "id": "bc185e03-64f7-496c-810b-506ba4c789cf",
    "data": [
      {
        "text": "Tomorrow",
        "alias": "date",
        "meta": "@sys.date",
        "userDefined": false
      },
      {
        "text": " I\u0027ll have a ",
        "userDefined": false
      },
      {
        "text": "system engineering design office",
        "alias": "Devoirs",
        "meta": "@Devoirs",
        "userDefined": true
      },
      {
        "text": ", do you have some things for me ?",
        "userDefined": false
      }
    ],
    "isTemplate": false,
    "count": 0,
    "updated": 0
  },
  {
    "id": "7e5c7987-d72f-4f64-8e1a-8767a2b27501",
    "data": [
      {
        "text": "Hello I have a java ",
        "userDefined": false
      },
      {
        "text": "exam",
        "alias": "Devoirs",
        "meta": "@Devoirs",
        "userDefined": true
      }
    ],
    "isTemplate": false,
    "count": 0,
    "updated": 0
  },
  {
    "id": "5322abfa-7b8c-4f36-b4ea-53e10055387e",
    "data": [
      {
        "text": "an ",
        "userDefined": false
      },
      {
        "text": "assignment",
        "alias": "Devoirs",
        "meta": "@Devoirs",
        "userDefined": true
      }
    ],
    "isTemplate": false,
    "count": 0,
    "updated": 0
  }
]